id	user_id	rank	item_id	score
1	1	1.0	1	3.7745234616776187
2	1	2.0	6	1.6432108276746689
3	1	3.0	8	1.4851258388781152
4	2	1.0	4	3.4702867766677583
5	2	2.0	9	0.0
6	3	1.0	2	4.457655197257441
7	3	2.0	7	4.267500918935633
8	3	3.0	6	2.6085646364776665
9	4	1.0	1	3.0000000000000004
10	4	2.0	3	3.0
11	4	3.0	8	1.33987916246494
12	5	1.0	8	3.5
13	5	2.0	5	3.3637308584726164
14	5	3.0	9	0.0
